URL,Location,Sale_Type,Description,Agents
https://www.barfoot.co.nz/property/rental/auckland-city/city-centre/apartment/11010411,"7K/1 Emily Place, City Centre","$425 per week, available now","Recently renovated Studio in Tower Hill




Recently renovated Studio apartment in TOWER HILL building located in downtown Auckland City.

SEMI FURNISHED apartment,
Studio
Open plan kitchen and living areas,
Key tag security access,
On-site Building Manager,
Gym,
Cold water included

Lovely furnished studio apartment in a sought after location. Britomart Station with Bus, Train and Ferry Stations is only a short stroll away. Downtown Shopping Centre offers many shops and eateries. A suitable location for Auckland University, AUT with lots of restaurants, cafes and bars close by.

Available Date – Now
Suitable for a maximum of 1-2 tenants.
No smoking allowed

$425.00 per week.

MOVE IN COSTS:
- 4 x weeks bond = $1,700.00
- 2 x week rent in advance = $850.00
TOTAL: $2,550.00

- Please use this link to complete the online tenancy application.
https://2apply.co.nz/login/Mobile
- Please upload photo ID, proof of income, and a copy of your visa (if required).

Everyone over the age of 18 who wants to live at the property, needs their own application form and supporting documents and needs to view the property in person.

Please register online at:
https://www.barfoot.co.nz/branches/city

PLEASE NOTE: You MUST REGISTER for an Inspection so we can keep you up-to-date on the status of the inspections and property. Inspections may be cancelled if there are no attendees registered or confirmed.

IMPORTANT NOTICE: Beware of scams! Barfoot and Thompson do not ask for money upfront until you have seen the property inside and out by a staff member who will be wearing I.D and travel in a sign-written vehicle. They will then provide a full tenancy agreement to be signed prior to money collection. If unsure, please pop into our branch and see us in person. We are currently not advertising on Facebook Marketplace.

Read more",David Eum : 022363 8928
https://www.barfoot.co.nz/property/rental/auckland-city/city-centre/apartment/11020628,"202/47 Wakefield Street, City Centre","$350 per week, available now","APT in CBD

This is a nice studio in CBD.

North-facing to enjoy all day sunlight, and with Sky Tower views
Residents' access is by swipe key only and there are security cameras monitoring entry to the tiled lobby containing two lifts
Zoned from Auckland Grammar School
Prime location, AUT and University of Auckland are at doorsteps, and with Queen Street, Aotea Square and the Events Entertainment Centre just down the road.

Viewing: Interested in viewing this property? Please register your details via the Barfoot & Thompson website and click on ""Book a Viewing.""
https://www.barfoot.co.nz/property/rental/auckland-city/city-centre/apartment/11020628

Read more",Eric Li : 027448 7818
https://www.barfoot.co.nz/property/rental/auckland-city/city-centre/apartment/11021821,"11C/2 White Street, City Centre","$450 per week, available now","Fully furnished and cold water included

Photos are staged

Elevated and tucked away behind Auckland's golden mile (Queen Street) this smart city apartment makes perfect sense. Situated in Bianco off Queen - a highly regarded and well run complex with a mixture of both hotel suites and private residences.

The apartment itself is brilliantly presented and well proportioned compared to the shoebox style units that you are used to seeing in the city market.

A Location that you simply can not ignore - close to the entertainment hubs of the city including Karangahape Road, Sky City complex and the bars and restaurants of downtown Auckland. Academics and students are virtually on the doorstep of Auckland University and AUT.

Safe, secure and built to the highest standards

Read more",Rowan Ma : 027702 2032
https://www.barfoot.co.nz/property/rental/auckland-city/city-centre/apartment/39003549,"102/100 Greys Avenue, City Centre","$450 per week, available now","Studio Apartment - POWER & WATER INCLUDED

ATTENTION: PLEASE DO NOT COMPLETE AN APPLICATION FORM UNLESS YOU HAVE PHYSICALLY VIEWED THE PROPERTY WITH ONE OF OUR AGENTS. Please see below for booking details

This modern, bright & spacious apartment is situated in the sought after Parkside Hotel & Apartments.

Property Features:
Fully Furnished,
Studio,
One bathroom,
POWER & WATER INCLUDED,
Balcony,
Key tag access,
Approx. 39 sqm,
Full access to the swimming pool, spa and indoor gym,

Located in the heart of the Auckland CBD and is within walking distance to Queen Street, Sky City, Civic Theatre, Universities and Aotea Square.

Available Date – NOW!
Suitable for a maximum of 2 tenants.
No smokers allowed.

$450.00 per week.

MOVE IN COSTS:
- 4 x weeks bond = $1,800.00
- 2 x week rent in advance = $900.00
TOTAL: $2,700.00

Please copy and paste this link to book a viewing:
(Insert Apply link from property page)

PLEASE NOTE: If there are no viewings available then please register your details so we can keep you up-to-date with new viewing times and property information. Viewings may be cancelled if there are no attendees registered or confirmed.

- Please copy and paste this link to complete the online tenancy application.

(Insert link from property page)

- Please upload photo ID, proof of income, and a copy of your visa (if required).

EVERYONE over the age of 18 who wants to live at the property, needs their own application form and supporting documents and NEEDS to view the property in person.

IMPORTANT NOTICE: Beware of scams!
Barfoot and Thompson do not ask for money upfront until you have seen the property inside and out with a staff member who will be wearing I.D and travels in a sign-written vehicle. They will then provide a full tenancy agreement to be signed IN OUR OFFICE prior to money collection. If unsure, please pop into our branch and see us in person. We are currently not advertising on Facebook Marketplace.

Read more",David Eum : 022363 8928
https://www.barfoot.co.nz/property/rental/auckland-city/city-centre/apartment/49000359,"815/72 Nelson Street, City Centre","$385 per week, available now","Bring Yourself & Your Bedding!

Zest Apartment Block.

Complete with furnishings such Appliances (including washing machine and dryer), double bed and other small necessities which is everything you need!

Affordable utilities and conveniently located in close proximity to local shops, amenities and Universities.
No pets

Move in costs:
Rent: $770 (2 weeks rent)
Bond: $1540 (4 weeks bond)
Total: $2310

To View:

Please check out our open home schedule or register for a viewing and we will contact you.

For more more details, or if you have any questions, please contact Hayley Goding -- h.goding@barfoot.co.nz or 0272985084

Landlords Barfoot & Thompson can also help you to professionally manage your rental property, contact Hayley Goding on 027 298 5084 for more details.

Beware of scams! Barfoot & Thompson do not ask for money upfront until you have seen the property inside and out by a staff member who will be wearing I.D and travel in a sign-written vehicle. They will then provide a full Tenancy Agreement to be signed prior to money collection. If unsure, please pop into our branch and see us in person. We are currently not advertising on Facebook Marketplace

Read more",Hayley Goding : 027298 5084
https://www.barfoot.co.nz/property/rental/auckland-city/eden-terrace/apartment/11020481,"1C/22 Fleet Street, Eden Terrace","$900 per week, available now","For Rent Furnished 2 Bed + Study, 2 Bath + Parking

This park-view apartment features high-stud ceilings and crisp, modern lines. Enjoy the flexibility of an open plan layout featuring two generous double bedrooms, each with excellent storage. The master suite boasts a private ensuite and direct access to the sun-drenched balcony, where seamless glass balustrades frame tranquil views through the trees to Basque Park.
A dedicated study provides the perfect space to work from home or pursue your passions, while the sizable living area flows effortlessly outdoors, ideal for entertaining or simply unwinding in the
afternoon sun.

Located in a truly future-proofed position, you’ll be just moments from the vibrant retail scene in Newmarket, the culinary delights of Ponsonby, and enjoy unbeatable access to the CBD.

Key Features:
Furnished
2 Bed + Study
2 Bath - stylish bathrooms, including a master ensuite
2 Secure basement tandem car parks

No Smokers/Vapers
Pets may be considered on request, subject to Body Corporate approval if applicable.
Water is not included in the rent
Move-in costs: 4-weeks bond, 2-weeks rent in advance
Available for 1 year fixed-term tenancy, with the possibility of renewal.
Don't miss the opportunity to call this your next home!

THIS PROPERTY IS PROUDLY MANAGED BY BARFOOT & THOMPSON GREY LYNN

Landlords/Investors: At Barfoot & Thompson Grey Lynn Property Management, we provide professional, personalised and bespoke services for our clients. We do this with the backing of the biggest real estate and Property Management Company in Auckland. Ask us today about our management packages, casual letting services and rental appraisal services. We specialise in rentals and property management Auckland wide. PH: 09 3768954 or email:greylynn.rental@barfoot.co.nz

Beware of scams! Barfoot and Thompson do not ask for money upfront until you have seen the property inside and out by a staff member who will be wearing I.D and travel in a sign-written vehicle. They will then provide an offer of tenancy letter/email prior to money collection. If unsure, please pop into one of our branches and see us in person.

Read more",Vlad Muhin : 0272332 724
https://www.barfoot.co.nz/property/rental/auckland-city/eden-terrace/apartment/39003866,"327/184 Symonds Street, Eden Terrace","$600 per week, available 12th March","2 Bedroom APARTMENT WITH CARPARK

ATTENTION: PLEASE DO NOT COMPLETE AN APPLICATION FORM UNLESS YOU HAVE PHYSICALLY VIEWED THE PROPERTY WITH ONE OF OUR AGENTS. Please see below for booking details.

CITTA APARTMENTS

This 2 Bedroom Apartment comes with a secure carpark is located on the corner of upper Symonds Street and Khyber Pass Road.

Overlooking the manicured courtyard that is for exclusive use by residents only - providing a nice place away from the hustle and bustle of Auckland City.

· 2 Bedroom
· 1 Bathroom
· 1 Car Park
· FURNISHED (no cutlery)
· Open plane Kitchen, Dining & Lounge
· On-site Building Manager
· Security tag/fob access system

Easy access to New market, Parnell, Mt Eden, CBD and close to AUT, The University of Auckland, Auckland Hospital and public transport.

Available Now!
Suitable for a maximum of 3 tenants.
No pets or smokers allowed.

$600.00 per week.

MOVE IN COSTS:
- 4 x weeks bond = $2,400.00
- 2 x week rent in advance = $1,200.00
TOTAL: $3,600.00

Please copy and paste this link to book a viewing:
https://book.inspectrealestate.co.nz/RegisterNewNZ?agentID=BT-39&uniqueID=39003866

PLEASE NOTE: If there are no viewings available then please register your details so we can keep you up-to-date with
new viewing times and property information. Viewings may be cancelled if there are no attendees registered or
confirmed.

- Please copy and paste this link to complete the online tenancy application.
https://2apply.co.nz/Form?agentId=BT-39&uniqueId=39003866

- Please upload photo ID, proof of income, and a copy of your visa (if required).

EVERYONE over the age of 18 who wants to live at the property, needs their own application form and supporting
documents and NEEDS to view the property in person.

IMPORTANT NOTICE: Beware of scams!
Barfoot and Thompson do not ask for money upfront until you have seen the property inside and out with a staff member who will be wearing I.D and travels in a sign-written vehicle. They will then provide a full tenancy agreement
to be signed IN OUR OFFICE prior to money collection. If unsure, please pop into our branch and see us in person.
We are currently not advertising on Facebook Marketplace.

Read more",David Eum : 022363 8928
https://www.barfoot.co.nz/property/rental/auckland-city/meadowbank/house/92000014,"216 Gowing Drive, Meadowbank","$950 per week, available now","Meadowbank Spacious Family Home

This renovated, easy living family home is looking for a great family to come and enjoy its many benefits. The main living space is elevated and on one level, linking to the wonderful garden and entertaining area. The garden backs onto farmland giving the property a real sense of space.

There is an open plan kitchen and dining area which connects to a large lounge and office space. Down the hallway is the master bedroom, across the hall is with one single room and the family bathroom with separate bath opposite. There are two additional double bedrooms further down the hallway, one with an en-suite bathroom.

There is internal access to the double garage with workshop and a good sized rumpus or media room.

This property is fully fenced with automated gate. Public transport is directly outside the property.
St Heliers Beach, Pony Club, Meadowbank shopping centre and the Glen Innes train station are all nearby.

No smoking

Read more",Daniel Slater : 027257 5681
https://www.barfoot.co.nz/property/rental/auckland-city/mt-eden/unit/11008962,"5/10 Ngauruhoe Street, Mt Eden","$440 per week, available now","1 bedroom in central of Mt Eden- Cat Friendly & Water Included

Welcome to a second-level unit that exudes a vibrant aura, boasting 1 bedroom, 1 bathroom, newly renovated condition.

Step into a historic building, it has been artfully transformed into 12 exceptional units. Each residence radiates a sense of polished professionalism, creating a dynamic community of like-minded individuals who appreciate the finer things in life.

Immerse yourself in the electric ambiance of Mt Eden Village, mere minutes away from your doorstep. Relish the plethora of trendy cafes, bars, and shops that await exploration. With excellent transport links at your disposal, the vibrant city is within effortless reach.

Parents seeking quality education for their child will be delighted to discover that this property falls within the prestigious zones of Epsom Girls Grammar and Auckland Grammar Schools. This esteemed location ensures a well-rounded and prosperous future for your family.

Indulge in the shared garden areas, where creativity flourishes and a strong sense of community thrives.

WATER ARE INCLUDED IN THE RENT!!!!!!

Contact Ryan as soon as possible to secure your place in this extraordinary property.

Moving cost 1 week rent plus 4 weeks bond

Read more",Ryan Wang : 027273 2658
https://www.barfoot.co.nz/property/rental/auckland-city/mt-roskill/house/30001354,"28 Katavich Place, Mt Roskill","$820 per week, available now","Great Location - Gem in Mt Roskill

This solid two-storey brick-and-tile home is tucked away in a quiet cul-de-sac in Mt Roskill, Auckland, offering comfortable family living with great views from the lounge and bedrooms. Conveniently located, the property is close to local shops and provides easy access to the motorway.

Inside, the home features four bedrooms and two bathrooms, along with a good-sized kitchen that flows into the living areas. Additional spaces include a rumpus room and a sunroom downstairs, offering flexibility for family living, entertaining, or working from home.

Parking is well catered for with a single garage, carport, and one off-street park, providing a total of three parking spaces.

TOTAL MOVE IN COST:

1 week rent + 4 weeks' bond

TO VIEW: Find the property online at https://www.barfoot.co.nz/branches/greenlane/rentals. Click the BOOK A VIEWING link and register to view. Upon registration, you will receive a confirmation email/text with more information regarding the viewing.

Beware of scams! Barfoot and Thompson do not ask for money up front until you have seen the property inside and out by a staff member who will be wearing ID and travel in a sign-written vehicle. They will then provide a full tenancy agreement for signing before the money is collected. If unsure, please pop into our branch and see us in person.

LANDLORDS: Barfoot and Thompson Greenlane offers full property management services. Please give me a call to discuss your requirements on 0212267616 or email c.lu@barfoot.co.nz

Read more",Coco Lu : 021226 7616
https://www.barfoot.co.nz/property/rental/auckland-city/mt-wellington/house/11021906,"1 Keate Place, Mt Wellington","$750 per week, available now","Spacious 3 Bedroom Home In Mt Wellington

Step into comfort with this stunning, standalone home superbly positioned in the heart of Mt Wellington. Bright and spacious, this well looked after home with a large section is perfect for families or professionals seeking convenience and space.

Property Overview:
- 3 double bedrooms
- 1 modern bathroom
- Spacious lounge opens on to a sunny patio area
- Kitchen & dining area combined which opens onto a sunny deck.
- double garage & additional off-street parking
- front and back yard
- stand alone home
- Convenient location
- 4 minute drive to Sylvia Park Shopping Centre and public transport

Available NOW

Move In Costs
$750 - First week rent
$3,000 - Bond
-------------
$3,750 Total

No smoking allowed, Pets Negotiable.

Read more",Kurtis Thompson : 027836 1861
https://www.barfoot.co.nz/property/rental/auckland-city/mt-wellington/house/11023929,"2a/47 Stanhope Road, Mt Wellington","$750 per week, available now","For Rent – 2A/47 Stanhope Road, Mount Wellington

This beautifully renovated home offers modern living in a highly convenient location – perfect for tenants seeking comfort, space, and lifestyle.

Featuring three large double bedrooms, each with built-in wardrobes. this home is designed for easy everyday living. The spacious designer family bathroom includes a luxurious bath, with the added convenience of a separate WC – ideal for families or shared living.

At the heart of the home is the stunning renovated kitchen, complete with a generous engineered stone island and sleek induction cooktop. The open-plan living flows effortlessly onto a North-East facing entertainers’ balcony, offering a peaceful outlook and plenty of space to enjoy a summer barbecue with friends.

Located within walking distance to local cafés, the Lunn Avenue Shops, and Mount Wellington, you’ll also be just a short 7-minute drive to Sylvia Park and have easy access to motorways heading both north and south. The popular beaches and eateries of St Heliers, Kohimarama, and Mission Bay are all approximately 15 minutes away.

This is low-maintenance living in a fantastic location.

Move in costs:
4 weeks bond
2 weeks rent in advance

Get in touch today to arrange a viewing!

Read more",Daniel Slater : 027257 5681
https://www.barfoot.co.nz/property/rental/auckland-city/mt-wellington/unit/30004911,"11/9 Mountain Road, Mt Wellington","$600 per week, available now","Two Bedroom Unit in Central Mt Wellington

Tucked away in a quiet, sunny setting, this newly renovated 2-bedroom home is a true hidden gem. Enjoy a lovely green outlook toward Mt Wellington, along with an easy-care garden that adds to the peaceful feel of the property. Conveniently located, the home is just moments from the train and bus station, Sylvia Park, and key motorway interchanges—making everyday commuting and shopping a breeze.

Inside, the home is light, bright, and welcoming, featuring gorgeous polished floors and a modern kitchen fitted with quality appliances. Both bedrooms are well-sized, and year-round comfort is ensured with a heat pump. Fibre internet is available, and the property is fully fenced for added privacy and security.

** Water included
** No pets allowed
** No smokers

TOTAL MOVE IN COST:

1 week rent + 4 weeks' bond

TO VIEW: Find the property online at https://www.barfoot.co.nz/branches/greenlane/rentals. Click the BOOK A VIEWING link and register to view. Upon registration, you will receive a confirmation email/text with more information regarding the viewing.

Beware of scams! Barfoot and Thompson do not ask for money up front until you have seen the property inside and out by a staff member who will be wearing ID and travel in a sign-written vehicle. They will then provide a full tenancy agreement for signing before the money is collected. If unsure, please pop into our branch and see us in person.

LANDLORDS: Barfoot and Thompson Greenlane offers full property management services. Please give me a call to discuss your requirements on 0212267616 or email c.lu@barfoot.co.nz

Read more",Coco Lu : 021226 7616
https://www.barfoot.co.nz/property/rental/auckland-city/new-windsor/townhouse/11016414,"73B New Windsor Road, New Windsor","$845 per week, available now","Modern 4-Bedroom Townhouse for Rent in New Windsor

Modern 4-Bedroom Townhouse for Rent in New Windsor

Welcome to 73 New Windsor Road, a modern 4-bedroom townhouse that combines style and comfort. This brand-new property boasts a contemporary design with modern features throughout.

Located in the heart of New Windsor, the townhouse offers easy access to the motorway, supermarkets, and shops, ensuring a convenient and connected lifestyle.

The ground floor features three spacious bedrooms, all with large windows welcoming plenty of natural sunlight. A modern bathroom is conveniently situated on this floor, along with a single internal garage.

On the second floor, you'll find a master bedroom with an en-suite bathroom that includes a luxurious bathtub. The second floor also hosts an open-plan kitchen, dining, and living area that opens out to a decent-sized deck, providing a private space for outdoor relaxation.

Moreover, this property boasts premium features:

Bose Home Surround Sound System: Immerse yourself in high-quality audio with the included Bose Home Surround Sound System, perfect for enhancing your entertainment experience.

Home Ventilation System: Enjoy fresh and clean air year-round with the built-in Home Ventilation System, ensuring optimal air circulation throughout the property.

German Suchuco Windows for Sound Insulation: Experience peace and quiet indoors with German Suchuco Windows that provide excellent sound insulation, creating a serene environment for relaxation and rest.

An automatic gate provides tenants-only access, enhancing the security of the property.

Don't miss the opportunity to make this brand-new 4-bedroom townhouse your home. For viewings or additional information, please contact us at 027 836 5085.

Total moving in cost:
1 week rent in advance
4 weeks rent for bond

Please register for veiwings. This can be done by going to the listing on our website at Barfoot & Thompson Blockhouse Bay - https://www.barfoot.co.nz/branches/blockhouse-bay?tab=ForRent or email me direct on s.liu8@barfoot.co.nz (TXT: 027 836 5085)

Are you a Landlord keen to have the best Property Manager look after your investment? Then get in touch today and experience the Barfoot and Thompson difference
(09) 626 4872 | 027 836 5085

Read more",Stanley Liu : 027836 5085
https://www.barfoot.co.nz/property/rental/auckland-city/onehunga/unit/11011114,"3/8 Inkerman Street, Onehunga","$595 per week, available now","Brick and Tile in Onehunga

Fabulous two bedroom unit in Onehunga - perfect for couples or a small family of three looking for a cosy and stylish space.

Key Features:
Two bedrooms
Functional bathroom with separate toilet
Spacious front deck
Well-equipped kitchen
Convenient location

You'll enjoy the convenience of nearby amenities, including shops, restaurants, parks, and schools.

Pets by Consent.

Move in costs:
1 week rent
4 weeks bond

Read more",Jericho Asi : 027312 8775
https://www.barfoot.co.nz/property/rental/auckland-city/onehunga/unit/11024318,"2/43 Spring Street, Onehunga","$550 per week, available now","2 BEDROOM BRICK AND TILE UNIT IN ONEHUNGA

This unit sits in the heart of Obehunga with 2 bedrooms and 1 bathroom. Open plan kitchen, dining, and living area.

One single carport and off-street parking, close to the train station and Onehunger Dresss mark.

A short 5-minute drive to SH20 for quick access to the south and the Waterview tunnel

Move in costs: four weeks bond, one week rent

Please do not enter the property at any time without the agent present.

VIEWING: Please register for the viewings online. This can be done by going to the listing on our website at https://www.barfoot.co.nz/branches/mt-albert#?tab=ForRent
Select the property and click on Book a viewing time towards the top right of the listing. If there is not a suitable viewing time please register and we will notify you of the next viewing times.

BEWARE OF SCAMS! Barfoot and Thompson do not ask for money upfront until you have seen the property inside and out with a staff member who will be wearing I.D and travels in a sign-written vehicle.

They will then provide a full tenancy agreement to be signed prior to money collection. If unsure, please pop into our branch and see us in person.

Read more",Sissi Shi : 027563 3243
https://www.barfoot.co.nz/property/rental/auckland-city/otahuhu/unit/31000525,"2/27 Jane Cowie Avenue, Otahuhu","$290 per week, available now","1 Bedroom Unit in Otahuhu - Avaiable now!

One-bedroom ground floor unit in a block of five, with one off-street carpark. Rent includes water and lawn maintenance.

Conveniently located close to schools, shopping centres, local amenities and public transport

Available now.

Pets may be considered upon request.

***To register for viewings please click on ""book a viewing time"" on the Barfoots website, enter your contact details and you will automatically be updated when viewing time is available** to speed up the application process you can now apply online on the Barfoot & Thompson website!

You can now download our new Barfoot & Thompson app from the App store (For Iphone users only). This will allow you to view, apply and book viewing times for rental properties from your phone! Try it now.

Read more",Andy Liu : 027302 3905
https://www.barfoot.co.nz/property/rental/auckland-city/pt-england/house/30003504,"20 Ropata Avenue, Pt England","$750 per week, available now","Your Next Home Awaits - Point England

This character 4-bedroom, 1-bathroom home in Pt England offers comfortable family living in a convenient location. The property features three double bedrooms and one single bedroom, separate living and dining areas, a modern kitchen and bathroom, and polished timber floors throughout. Outside, there is a fenced courtyard and off-street parking for up to three cars. The home is also Healthy Homes compliant.

Ideally located within walking distance to Glen Innes shops and the train station, with Lunn Ave and Panmure shopping centres less than 10 minutes away. Enjoy nearby outdoor spaces as well, including the beautiful Waiotaiki Nature Reserve and shoreline walk just down the road.

TOTAL MOVE IN COST:

1 week rent + 4 weeks' bond

TO VIEW: Find the property online at https://www.barfoot.co.nz/branches/greenlane/rentals. Click the BOOK A VIEWING link and register to view. Upon registration, you will receive a confirmation email/text with more information regarding the viewing.

Beware of scams! Barfoot and Thompson do not ask for money up front until you have seen the property inside and out by a staff member who will be wearing ID and travel in a sign-written vehicle. They will then provide a full tenancy agreement to be signed prior to money collection. If unsure, please pop into our branch and see us in person.

LANDLORDS: Barfoot and Thompson Greenlane offers full property management services. Please give me a call to discuss your requirements on 0212267616 or email c.lu@barfoot.co.nz

Read more",Coco Lu : 021226 7616
https://www.barfoot.co.nz/property/rental/auckland-city/remuera/unit/11024399,"2/262 Victoria Avenue, Remuera","$650 per week, available now","Your Sunny Sanctuary in Heart of Remuera

The Property Highlights
Sun-Soaked Spaces: Large windows capture all-day sun, keeping the unit bright, warm, and inviting.

Comfort: A well-proportioned double bedroom with built-in storage and an open-plan living area.

Prime Location: Situated at 2/262 Victoria Avenue, you are just a short stroll from the vibrant Remuera Village, local cafes, and luxury boutiques.

Easy Transit: Excellent access to public transport and motorways, making for a seamless commute to the CBD or Newmarket.

Read more",Daniel Morris-Seymour : 027405 2505
https://www.barfoot.co.nz/property/rental/auckland-city/remuera/unit/11024428,"3/274 Victoria Avenue, Remuera","$700 per week, available now","DGZ Excellence: 2 Bedroom Beauty on Victoria Avenue

2 Bed | 1 Bath | 1 Parking

This charming brick unit offers the perfect balance of privacy and accessibility. With a practical layout and low-maintenance upkeep, it’s ready for you to move in and make it your own.

The Highlights
Solid Brick Construction: Stay cool in the summer and cozy in the winter with this durable, classic build.

Two Bedrooms: Both rooms offer ample natural light and built-in storage.

Functional Living: A well-sized lounge area that flows into a tidy kitchen space.

Parking Included: Say goodbye to street-parking stress with your own dedicated parking space.

Education at Your Doorstep: Located within a short stroll of both Victoria Avenue School and Baradene College.

Prime Location: Situated on the prestigious Victoria Avenue, you’re just minutes away from local cafes, shops, and public transport links.

You're welcome to register your interest, select a viewing time or apply online via our website. https://tinyurl.com/btremuera - Make sure you click on 'Book a viewing'.
Please contact Rebecca 027 570 7700 with any questions.

Read more",Rebecca Popovic : 027570 7700
https://www.barfoot.co.nz/property/rental/auckland-city/st-heliers/house/38002030,"94 Grampian Road, St Heliers","$1,350 per week, available 12th March","The Best of the Bays

Sunny modern living with great indoor/outdoor flow.

Features:
- 4 double bedrooms with the master being on the lower level with a walk-in wardrobe and modern ensuite, 3 double bedrooms upstairs with the main bathroom beautifully appointed
- Wonderful chef's kitchen with top-of-the-line Euro appliances and family room combined
- The large living room flows to the rear courtyard section that is quite private
- Separate laundry and guest toilet downstairs
- Large double garage with internal access
- Sunny outdoor entertaining patio and play area

Location:
- In zone for St Thomas School, St Ignatius School, Baradene College
- Close to St Heliers beach, parks and cafes

Avaliable: 20th March

You're welcome to register your interest, select a viewing time or apply online via our website. https://tinyurl.com/btremuera - Make sure you click on 'Book a viewing'.

LANDLORDS: We offer free rental appraisals along with a full comprehensive property management service and we are always happy to discuss the changes to legislation that may affect you. ie: healthy homes compliance, etc. Please email Karen Rodie on k.rodie@barfoot.co.nz

Read more",Karen Rodie : 027886 0376
https://www.barfoot.co.nz/property/rental/auckland-city/st-johns/house/11024504,"152 Norman Lesser Drive, St Johns","$1,380 per week, available now","Stunning 5-Bedroom Family Home in St Johns, Auckland

Experience the perfect blend of space, sunlight, and modern living in this beautiful 5-bedroom, 3-bathroom home, perfectly suited for families or professionals looking for comfort and style.

Property Features:
-5 spacious bedrooms, including 2 with ensuite bathrooms
-3 modern bathrooms
-Huge open-plan living area with an open kitchen and a cozy family room
-3 sunny balconies offering plenty of outdoor space
-Abundant natural light thanks to large skylight windows
-Plenty of storage throughout the home
-Double garage providing secure parking for 2 cars

Location Highlights:
-Situated in the St Thomas School, Glendowie College and Selwyn College Zone – perfect for families
-Close to Meadowbank Mall and Lunn Ave shops for everyday convenience
-Easy access to the motorway for quick commutes

Additional Details:
*Water included in the rent
*Garage accommodates 2 cars, no parking directly outside the garage, but plenty of roadside parking available

This property is designed for those who love bright, airy spaces, modern convenience, and a fantastic family-friendly location.

Move In Cost ;
Rent - $2760.00 (2 weeks)
Bond - $5520.00 (4 weeks)

No smokers

To speed up the application process, you can now apply online on the Barfoot & Thompson website!

Don't miss out on the opportunity to live in this fantastic property. Contact us today to arrange a viewing.

*** To register for viewings please click on ""book a viewing time"" on the Barfoot & Thompson Meadowbank website, enter your contact details and you will automatically be updated when viewing times are available ***
----------------------
Feel free to view the property from the roadside, however please do not enter the property under any circumstances unless you are with a Barfoot & Thompson agent. When arriving for viewing please park on roadside and do not park on driveway.

For further listings, please refer to the link below

http://www.barfoot.co.nz/Branches/meadowbank/Rentals

Landlords:
Barfoot and Thompson Meadowbank offers Rental Appraisals and Full Property Management Solutions. Please give us a call today to discuss your Property Management

Read more",Aria Chow : 027431 9532
https://www.barfoot.co.nz/property/rental/auckland-city/stonefields/apartment/11019074,"108/3 Bluegrey Avenue, Stonefields","$550 per week, available now","FULLY FURNISHED ONE BEDROOM APARTMENT

This fully furnished one bedroom apartment is waiting for YOU! Featuring an open plan living and kitchen space, spacious bedroom, separate study area, a bathroom, laundry and a private balcony. This property is only a stones throw away from local restaurants and cafes, local sport grounds/reserves and plenty of other amenities! Great for professionals.


Property Overview:
- Fully furnished
- One bedroom
- One bathroom
- One secure carpark + plenty of on street car parks
- Open plan living and dining area
- Popular location


Move In Costs:
First Weeks Rent- $550.00
Bond - $2,200.00
Total - $2,750.00

No smoking allowed

Read more",Sophie Orr : 027404 5659
https://www.barfoot.co.nz/property/rental/manukau-city/flat-bush/house/11018257,"5 Mandival Avenue, Flat Bush","$840 per week, available now","Brick & Tile 4 Bedroom in Flat Bush

***To register for viewings please click on ""book a viewing time"" on the Barfoots website, enter your contact details and you will automatically be updated when a viewing time is available***

!!! AVAILABLE NOW !!!
This well-presented 4-bedroom, 2-bathroom home with double internal access garage offers spacious, modern living with an open-plan kitchen, living, and dining area, three heat pumps, and near-new carpet (under two years old) for year-round comfort. Ample parking is provided with a double garage plus four additional off-street spaces, and a garden shed adds extra storage convenience.

Perfectly positioned in a highly convenient location, the home is within a 5-minute walk to Mission Heights Primary School and Mission Heights Junior College, close to local restaurants and takeaways, and zoned for Ormiston Senior College and Sancta Maria College—making it an ideal choice for families seeking comfort, space, and top school zones.

Move in costs required in advance;
2 weeks rent: $1680
4 weeks bond: $3360
Total = $5040.00

For more info please contact;
Yuchen Lu - (027 886 2461)
y.lu@barfoot.co.nz

Feel free to view the property from the roadside, however please do not enter the property under any circumstances unless you are with a Barfoot & Thompson agent. When arriving for viewing please park on roadside and do not park on driveway.

For further listings, please refer to the link below
http://www.barfoot.co.nz/Branches/howick/Rentals

Landlords:
Barfoot and Thompson Howick offers Rental Appraisals, Casual Letting and Full Property Management Solutions. Please give us a call today to discuss your Property Management requirements.
Ph: 09 535 8762
E: howick.rental@barfoot.co.nz

Beware of Scams: Barfoot & Thompson does not ask for money in emails without undertaking the full application process, checks and tenancy agreements being drawn up. Payment can be made at a branch or to our BNZ account supplied inside the tenancy agreement. If you are unsure if a request is legitimate, please phone the branch and check with the Property Manager.

*** Please register online at barfoot.co.nz for available viewing times ***

Read more",Yuchen Lu : 027886 2461
https://www.barfoot.co.nz/property/rental/manukau-city/golflands/house/11017540,"12 Els Close, Golflands","$690 per week, available now","Recently Renovated 3-Bedroom House in Golflands!

*** To register for viewings please click on ""book a viewing time"" on the Barfoot website, enter your contact details and you will automatically be updated when viewing times are available ***

This recently renovated 3-bedroom, 1-bathroom home in the heart of Golflands offers comfort, convenience, and a welcoming environment for both families and pet owners.

Key Features:
- 3 Spacious Bedrooms – Perfect for family living
- 1 Bathroom – Fully updated with quality finishes
- Pet Friendly – Pets are welcome here!
- Outdoor Spaces – Enjoy a cozy backyard and front yard, ideal for relaxation or entertaining
- Additional Storage – Extra storage space in the roof area for your convenience
- Excellent School Zone – Zoned for Botany Downs School and Our Lady Star of the Sea School, offering great educational options for families

The Property is in a very quiet and private area while still being in a prime location close to shopping centres, parks and local amenities.

Don’t miss out on making this beautiful Golflands property your new home!

Available - 10/03/2026

Move in Costs:
Rent - $690.00
Bond - $2,760.00
Total - $3,450.00

No smoking allowed.

Pets considered on request.
A pet bond may be required if the landlord consents to one or more pets being kept at the Property.

Feel free to view the property from the roadside, however please do not enter the property under any circumstances unless you are with a Barfoot & Thompson agent. When arriving for viewing please park on the roadside and do not park on the driveway.

For more info please call/text:
Office - 09 535 8762
Bhavna - 027 271 1339

For further listings, please refer to the link below
http://www.barfoot.co.nz/Branches/howick/Rentals

Landlords:
Barfoot and Thompson Howick offers Rental Appraisals, Casual Letting and Full Property Management Solutions. Please give Bhavna a call today to discuss your Property Management.

Beware of scams! Barfoot and Thompson do not ask for any money to paid upfront for our properties until after you have viewed by a staff member who will be wearing I.D and travel in a sign-written vehicle and completed our application form. If you are the successful applicant, we will provide you with a tenancy agreement and clear instructions on what money you are required to pay and when. If unsure, please give us a call or pop into our branch and see us in person.

Read more",Bhavna Reid : 027271 1339
https://www.barfoot.co.nz/property/rental/manukau-city/hill-park/unit/20000009,"4/11A Tomlinson Street, Hill Park","$450 per week, available now","2 bedroom unit in handy location (Water & lawns included in rent)

Nice and cosy, this newly renovated two bedroom unit is the end unit of a block of four and is in a very nice neighbourhood.
This light and sunny property has 2 bedrooms, family bathroom and open plan living with a heat pump to keep you warm in the winter and cool in the summer.
**Water and lawns are included in the rent**

*Pets considered upon request*

Please DO NOT park in the driveway when attending viewings.

Please feel free to view the property from the roadside. Do not enter the property under any circumstances

YOU NEED TO VIEW THE PROPERTY BEFORE WE ARE ABLE TO PROCESS YOUR APPLICATION.

To arrange a viewing for this property, please register your details online. You will then be notified when a viewing becomes available or if there is one scheduled.

To speed up the application process you can fill out an application online before you come to the viewing.



YOU NEED TO VIEW THE PROPERTY BEFORE WE ARE ABLE TO PROCESS YOUR APPLICATION.

Beware of scams! Barfoot and Thompson do not ask for money upfront until you have seen the property inside and out with a staff member who will be wearing I.D and travels in a sign-written vehicle.

***To register for viewings please click on ""book a viewing time"" on the Barfoot & Thompson website, enter your contact details and you will automatically be updated when viewing time is available***

For further listings please refer to link below
http://www.barfoot.co.nz/Branches/manurewa/Rentals

If you have any further questions regarding the property please contact the office on 09 266 7091.

PLEASE NOTE: You MUST REGISTER for a viewing so we can keep you up-to-date on the status of the inspections and property. Inspections may be cancelled if there are no attendees registered or confirmed.

Read more",Denise Paretovich : 027431 9527
https://www.barfoot.co.nz/property/rental/manukau-city/pakuranga/house/17003808,"136 Edgewater Drive, Pakuranga","$675 per week, available now","3 bedroom available immediately

*** Please register online at barfoot.co.nz for available viewing times ***

This freshly painted 3 bedroom home is available immediately. Original, re-varnished timber floors throughout.
Featuring 1 bathroom with vanity, shower & bath. Separate toilet.

Open plan kitchen and dining area. Laundry located in the kitchen with back door access to the garden. There is plenty of space to start your own vege garden as well as 2x garden/storage sheds.

Large lounge with working fireplace and double door access to a small verandah.

Situated next to reserve land offering a pleasant outlook and close to great amenities.

2x off street parkings.
No smoking.

School zoned for: Pakuranga Intermediate & Edgewater College.

Move in costs as follows:
2 weeks rent = $1350
4 weeks bond = $2700
TOTAL = $4050.00

For more info please contact: Brooke
b.clarke@barfoot.co.nz
027 836 2814

You are welcome to view the property from the road side. Please do not enter the property under any circumstances unless you are with a Barfoot & Thompson agent.

When arriving for a viewing please park on the roadside and do not park in the driveway.

***To register for viewings please click on ""book a viewing time"" on the Barfoot & Thompson Howick website. Enter your contact details and you will automatcially be updated when a viewing time is available***

For further listings, please refer to the link below:
http://www.barfoot.co.nz/Branches/howick/Rentals

Read more",Brooke Clarke : 027836 2814
https://www.barfoot.co.nz/property/rental/manukau-city/pakuranga/house/32002774,"2/13 Latham Avenue, Pakuranga","$560 per week, available now","Cozy 2 Bedroom Home - Great Location

This cozy, quiet and private two bedroom house is situated in the heart of Pakuranga and is only a stone's throw away from Pakuranga Plaza, schools, Supermarket, transportation and easy motorway access.

Well-maintained, low-maintenance property is in this incredibly convenient pocket of the city are always in demand so be quick as it wont last long!! Lawns are mowed on a fortnightly basis and is included in the rent

Two bedrooms provide accommodation and are complemented by generously-proportioned living areas, one separate bathroom and one separate toilet and a functional kitchen.
Main living space that opens up to a secure deck with a well maintained garden and shed for your convience.

In addition, this home also has a ventilation system, along with a heat pump - providing year-long comfort - warmth in winter / cool in summer.

Property does not have a garage however does come with storage, car port and a large garden shed.

Please register online and book yourself in for a viewing time using the automated system. If no times are posted, please register anyway and you will be advised as soon as arrangements have been made and/or updated as necessary.

Office hours are 8.30am to 5.00pm Monday to Friday

IMPORTANT NOTICE: Beware of scams!
Barfoot and Thompson do not ask for money upfront until you have seen the property inside and out with a staff member who will be wearing I.D, business cards with photo and travels in a sign-written vehicle. They will then provide a full tenancy agreement to be signed IN OUR OFFICE prior to money collection. If unsure, please pop into our branch and see us in person

Read more",Valentin Schiff : 027404 5807
https://www.barfoot.co.nz/property/rental/manukau-city/wattle-downs/townhouse/11023806,"13C Southview Place, Wattle Downs","$670 per week, available now","Perfect Fit!

This is your chance to secure an brand-new home without the brand-new price tag! We've found the most affordable 3-bedroom, 2.5-bathroom home on the market in this growing location.

Key Features You'll Love:

Unbeatable Price: Seriously, the cheapest in the neighbourhood for a comparable new build
3 Spacious Bedrooms: Plenty of room for the family, guests, or a dedicated home office.
2.5 Modern Bathrooms: Two full bathrooms (including an ensuite) plus a convenient guest powder room downstairs. No morning queues.
Single Internal Access Garage: Secure parking and dry entry straight into your home—a massive convenience.

Barfoot & Thompson does not ask for money in emails without undertaking the full application process, checks and tenancy agreements being drawn up. Payment can be made at a branch or to our BNZ account supplied inside the tenancy agreement. If you are unsure if a request is legitimate, please phone the branch and check with the Property Manager.

Please feel free to view the property from the roadside. Do not enter the property under any circumstances.

YOU NEED TO VIEW THE PROPERTY BEFORE WE ARE ABLE TO PROCESS YOUR APPLICATION.

To arrange a viewing for this property, please register your details online. You will then be notified when a viewing becomes available or if there is one scheduled.
To speed up the application process you can fill out an application online before you come to the viewing.

If you have any further questions regarding the property please contact:
Moneeta - 0274319623
Swati - 0273757957
Branch - 09 298 7977.

Read more",Moneeta Prasad : 027431 9623
https://www.barfoot.co.nz/property/rental/manukau-city/weymouth/house/11013225,"67 Waimahia Avenue, Weymouth","$680 per week, available now","Brick & Tile Beauty

Discover your dream single-level home situated nearby to Waimahia Park, and boasting a spacious piece of land near the waterfront reserve.

Nestled in an appealing cul-de-sac within the Weymouth village neighbourhood, this home offers an idyllic lifestyle. Positioned with a picturesque view of the Waimahia inlet, it promises privacy, security, and a host of enticing extras.

This residence features 3 generously-sized bedrooms, including a master bedroom with an ensuite, plus a main bathroom and a separate toilet. The spacious dining area seamlessly connects with the living space, extending outdoors to a well-appointed paved and decked entertaining area. The secure and expansive backyard is perfect for both gardening enthusiasts and children at play. To top it off, an internal access double garage adds to the convenience.

Take leisurely strolls to Weymouth Park and the inlet, or indulge in the beauty of the waterside walkway with its serene views. This is where you'll fall in love with daily walks around the delightful estuary.

Move in cost
4 weeks rent as bond
1 week rent in advance

Read more",John He : 027616 1394
https://www.barfoot.co.nz/property/rental/north-shore-city/albany/apartment/11024355,"506/3 Rose Garden Lane, Albany","$620 per week, available now","Easy Apartment Living in the Heart of Albany

1 bedroom plus study (could be kids single bedroom) apartment in Central Albany. This well-presented home is very sunny and warm with a north-easterly aspect which allows sun to stream in all day making it light and bright.
The bedroom has a balcony off it which is great to sit out on on and enjoy the morning coffee.
The kitchen comes with dishwasher, fridge and microwave oven and is well laid out for easy living.
There is an office room as well which is internally located.
The bathroom has a shower, no bath.
Laundry is conveniently hidden away in a hallway cupboard with washing machine.
This home is safe and secure with key code entry.
Comes with 1 allocated parking space underground.
Just minutes walk to Westfield Mall, Schools, Massey University is just down the road, North Harbour Stadium is across the road, Park and Ride is a few minutes walk as well.
Just so handy to so much!
Ideally suit, singles, couples or a family of 3 at most
Go to https://virtual-tour.ipropertyexpress.com/vt/tour/ef33dbfe-4bc1-4ddf-afcd-ee190d291cf9 to see virtual tour

Available NOW

Money due on signup
2 weeks rent in advance
4 weeks bond.

Please book online for a viewing - don't phone

Read more",Russell White : 027572 2622
https://www.barfoot.co.nz/property/rental/north-shore-city/beach-haven/house/11023708,"1/43 Brigantine Drive, Beach Haven","$695 per week, available now","Pet-friendly family home in the heart of Beach Haven – ready for you to move in!

This well-presented home offers comfortable living with plenty of space for the whole family.

Property features include:
-Three bedrooms
-Separate kitchen, living and dining areas
-Handy office nook – perfect for working from home
-Carport for off-street parking
-Large, fully fenced backyard, ideal for kids and pets

A great opportunity to secure a home in a popular location. Get in touch to arrange a viewing.

COSTS to move in: X2 weeks rent in advance, & 4 week's bond.

Read more",Holly Costello : 027248 6789
https://www.barfoot.co.nz/property/rental/papakura-district/takanini/house/20002414,"1/17 Berwyn Avenue, Takanini","$520 per week, available now","Spacious 3 Bedroom unit in Takanini

Spacious 3 bedroom unit with single Garage located on Berwyn Ave, Takanini.
Fully fenced section and low maintenance grounds.
Heat pump installed for year round comfort. Compliant with the current healthy homes standards.

Conveniently located within minutes of Takanini Village, train station, motorways and local shops.

**Pets considered upon request**

Please feel free to view the property from the roadside. Please respect the current resident's privacy and do not enter the property under any circumstances.

Please DO NOT park in the driveway when attending viewings.

YOU NEED TO VIEW THE PROPERTY BEFORE WE ARE ABLE TO PROCESS YOUR APPLICATION.


Beware of scams! Barfoot and Thompson do not ask for money upfront until you have seen the property inside and out by a staff member who will be wearing I.D and travel in a sign-written vehicle. They will then provide a full tenancy agreement to be signed prior to money collection. If unsure, please pop into our branch and see us in person. We are currently not advertising on Facebook Marketplace.

***To register for viewings please click on ""book a viewing time"" on the Barfoot & Thompson website, enter your contact details and you will automatically be updated when viewing time is available***

For further listings please refer to link below
http://www.barfoot.co.nz/Branches/manurewa/Rentals

If you have any further questions regarding the property please contact the office on 09 266 7091.

PLEASE NOTE: You MUST REGISTER for a viewing so we can keep you up-to-date on the status of the inspections and property. Inspections may be cancelled if there are no attendees registered or confirmed.

Read more",Denise Paretovich : 027431 9527
https://www.barfoot.co.nz/property/rental/rodney-district/coatesville/house/11019003,"86 Screen Road, Coatesville","$2,700 per week, available 12th March","Luxury Living in the Heart of Coatesville

Property on the Market for Sale - Periodic Tenancy only - If sold and new owner requires vacant possession, owner will offer 2 months free rent before settlement (Vacate date)

Boasting 6 bedrooms and 5 bathrooms, this expansive home is perfect for families of all sizes. With 2 lounges, a massive laundry room, and an open plan dining and entertaining area, there is plenty of space to relax and unwind.

The solid brick 591sqm home offers breath-taking rural views, providing a serene backdrop for your daily life. Four concrete 22500 litre water tanks ensure that you'll always have an ample water supply.

Located just a stone's throw away from Albany Mall, this property offers the convenience of city living with the privacy and seclusion of a rural retreat.
The triple garage provides ample parking for your vehicles.

Pets by consent
Tenants to maintain grounds
NO GRAZING
Available NOW.

Money due upon signup:
2 weeks rent in advance
4 weeks bond.


Read more",Russell White : 027572 2622
https://www.barfoot.co.nz/property/rental/rodney-district/huapai/house/11015891,"3a Raymond Grace Avenue, Huapai","$595 per week, available now","2 Bedroom plus garage

To view this property please use the link below.
https://www.barfoot.co.nz/property/rental/rodney-district/huapai/house/11015891This is a lovely modern and spacious minor dwelling.

This is attached to the main house but still offers privacy and quiet.

It has a big open plan kitchen dining and lounge, the kitchen has loads of storage.

The laundry is in the bathroom.

Two sunny double bedrooms

There is a single garage.

Don't miss the opportunity to live in this warm and sunny property



Read more",Jenny Rollinson : 027431 9486
https://www.barfoot.co.nz/property/rental/rodney-district/pakiri/house/61002095,"1092 Pakiri Road, Pakiri","$575 per week, available now","Stunning cottage

*More photos to come*

Don’t miss out on this fantastic opportunity to secure a tidy and well-presented home that truly is a little gem.

This property features 2 comfortable bedrooms and 1 bathroom, along with a separate lounge providing a cozy space to relax. The open-plan kitchen and dining area creates a welcoming hub of the home, perfect for everyday living and entertaining.

Set on a flat, fully fenced section, the property offers privacy and plenty of usable outdoor space.

You’ll also love the double garage, which includes an extra office/storeroom—ideal for working from home, hobbies, or additional storage.

Homes like this don’t last long. Get in quick and secure this property.

Read more",Teryn Harrison : 021425 181
https://www.barfoot.co.nz/property/rental/rodney-district/red-beach/house/11023657,"33 Pohutukawa Avenue, Red Beach","$680 per week, available now","Near new cottage with views

To ensure your viewing of this property, you must register your details. To register your details, simply visit www.barfoot.co.nz/11023657 and click the 'Book a Viewing' button.

Near new 2-bedroom cottage with stunning estuary views. 2 good sized bedroom. Lounge featuring open living/ dining (with fireplace and heatpump) that opens out to a good sized deck, and is located just a stone's throw away from Orewa beach, restaurants, scenic walkways and cycle paths.
Nice private garden that is gated and fenced , with parking for 2 cars.

Move in costs: 4 weeks bond + 1 week rent in advance.

Pets will be considered on request.
Please note a pet bond may be required if the Landlord consents to one or more pets being kept at the property.

Please do not enter the grounds without permission.

Beware of scams! Barfoot and Thompson do not ask for money upfront until you have seen the property inside and out with a staff member who will be wearing I.D. They will then provide a full tenancy agreement to be signed prior to money collection. If unsure, please pop into our branch and see us in person.


Read more",Toni Elliott : 021620 329
https://www.barfoot.co.nz/property/rental/rodney-district/stanmore-bay/apartment/11022616,"108/17 Link Crescent, Stanmore Bay","$540 per week, available now","Stylish Two Bedroom Apartment

***Brand new carpets and a fresh coat of paint***

Stylish two bedroom apartment in the heart of Whangaparaoa. Walk to shops, cafe's, cinema, doctors and public transport. Even the beach is within walking distance.

The apartment has all the modern conveniences you'd expect with a dishwasher, wastemaster and common satellite dish.

Carpark, CCTV, swipe card access and lifts. There is also casual parking for guests.

Water is included in rent.
Pets By Consent

Read more",Matt Newton : 027393 6099
https://www.barfoot.co.nz/property/rental/rodney-district/stanmore-bay/townhouse/11016711,"31 Mata Lane, Stanmore Bay","$670 per week, available now","Stylish Townhouses

Located in the heart of Stanmore Bay, these townhouses combine lifestyle, comfort, and practicality, making everyday living a breeze.

The ground floor living is seamlessly integrated with the stylish kitchen, and decorated in warm neutral tones. Sliding doors extend out to a private outdoor zone, perfect for a morning coffee or BBQ's with friends.

A double bedroom and guest WC is located on this level, while upstairs are two more bedrooms, including a master with ensuite, a family bathroom and a well-appointed laundry space combined with a hot water cupboard for added convenience.

Parking is located right outside your door and there is additional visitor parking in the complex.

Pets may be considered.

Rent: $670
Bond: $2,680

Read more",Gareth Morgan : 021505 349
https://www.barfoot.co.nz/property/rental/rodney-district/stillwater/house/11013987,"63 Worsnop Way, Stillwater","$1,350 per week, available now","Fabulous 5 bedroom family home

A fabulous family home, solidly constructed of rendered brick with triple garaging plus workshop and a large concrete area which will accommodate at least 12 cars. This 3.6710ha (just over 9 acres) fully fenced picturesque block is tucked away in a private position with the most fabulous vistas and stunning sunsets.

The well presented home has been cleverly designed and built to comfortably accommodate a family with three bedrooms plus a generous master including an ensuite and walk-in, open plan living, dining and kitchen area, media room and or possible 5th bedroom, family bathroom and separate guest facilities. The fabulous granite kitchen with open plan dining and living with inbuilt gas heating, offers excellent indoor/outdoor flow to entertaining and 6 fully fenced paddocks and large flat garden area.

In addition there is a 200 sq mt 5 bay 3 door modern shed with its own driveway access, cattle yards and ponds to reflect the spectacular sunsets across the horizon.

Close to East Coast Beaches, Silverdale and Albany.

Pets ok.

Read more",Denise Zhu : 027839 3298
https://www.barfoot.co.nz/property/rental/rodney-district/taupaki/house/11022505,"37 Taupaki Road, Taupaki","$520 per week, available now","Cute one bedroom

To view this property, please use the link below to register
https://www.barfoot.co.nz/property/rental/rodney-district/taupaki/house/11022505

Discover the charm of this private, two-story one-bedroom cottage, designed for serene living.

This property is a haven for someone with a passion for gardening, featuring an abundant array of mature fruit trees and established vegetable gardens.

The light-filled, open-plan ground floor seamlessly integrates the living, dining, and modern kitchen areas. Upstairs, you will find the generously proportioned master bedroom and a well-appointed bathroom, complete with both a shower and a bath.

Practicality is assured with a fully fenced perimeter, a designated carport, and additional off-street parking.


Read more",Jenny Rollinson : 027431 9486
https://www.barfoot.co.nz/property/rental/rodney-district/taupaki/house/11023832,"75A Hunter Road, Taupaki","$550 per week, available now","Peaceful Living with Rural Views

Enjoy the best of both worlds with this private two-bedroom home, perfectly positioned to soak up uninterrupted views over open farmland.

Featuring a spacious open-plan kitchen and lounge, the home is finished in modern, neutral colours that create a light and welcoming feel throughout. Both bedrooms are well-proportioned, and the bathroom is tidy and functional.

Step outside onto the large deck, the ideal spot for morning coffee or evening unwinding while taking in the tranquil rural outlook. A carport provides convenient off-street parking, and the property’s private setting offers a sense of escape while still being within easy reach of town.

Property features:
-Two bedrooms
-Spacious open-plan kitchen & living
-Modern colour scheme
-Bathroom
-Carport
-Large deck with farmland views
-Private, peaceful setting

If you’re looking for a home that offers space, privacy and a relaxing rural outlook, this one is well worth a look.

Unable to view in person? Check out our 3D virtual tour and apply to rent this property by clicking ""Apply Online"".

Rent $550 per week
Bond $2,200.00
Total Move in Costs $2,750.00

Read more",Chanelle Fenton : 027431 9480
https://www.barfoot.co.nz/property/rental/waitakere-city/glen-eden/house/11024363,"4 Capricorn Place, Glen Eden","$650 per week, available 12th March","Three-Bedroom House Ready to Become Your Home

Warm, welcoming, and well laid out, this three-bedroom home offers practical living with generous space inside and out.

Property Features:
- Three well-sized bedrooms
- Open-plan living and dining area with a functional fireplace
- Family bathroom plus separate toilet
- Separate laundry room
- Garden shed for additional storage
- Spacious exterior section
- Two car park spaces

Prime location, short drive from Glen Eden Train Station, public transport, schools and local shops.

A fantastic opportunity for those seeking comfort, functionality, and room to grow.

Total Move-In Costs:
2 weeks’ rent in advance
4 weeks’ bond
*Rent per week includes WATER and LAWNS


*Pets under consideration and to be approved by Body Corp.
If approved, a pet bond of 2 weeks' rent applies per pet.

Book a viewing online: https://www.barfoot.co.nz/property/rental/waitakere-city/glen-eden/house/11024363



Landlords Barfoot & Thompson can also help you to manage your rental property professionally. Contact Sonia Martinez on 027 298 3083 for more details.

***************
Beware of scams! Barfoot and Thompson do not ask for any money to paid upfront for our properties until after you have viewed by a staff member who will be wearing I.D and travel in a sign-written vehicle and completed our application form. If you are the successful applicant, we will provide you with a tenancy agreement and clear instructions on what money you are required to pay and when. If unsure, please give us a call or pop into our branch and see us in person.


Read more",Sonia Martinez : 027298 3083
https://www.barfoot.co.nz/property/rental/waitakere-city/henderson/townhouse/11023706,"B/28 Pinedale Place, Henderson","$780 per week, available now","Brand new architecturally designed terrace house situated in Henderson

Brand new architecturally designed terrace house situated in Henderson, which offering 4 bedrooms and 2.5 bathrooms, within a great central West Auckland location.

Amenities include West City Shopping & Commercial centre, local shops, restaurants & Waitakere Library are all handy. It is also close to Kaikoura Reserve. Easy access to State Highway 16 motorway.

VIEWING: Interested in viewing this property? Please register your details via the Barfoot & Thompson website and click on BOOK A VIEWING.

Read more",Joey Cao : 027288 6986
https://www.barfoot.co.nz/property/rental/waitakere-city/henderson/unit/11024481,"1/42 James Laurie Street, Henderson","$600 per week, available 12th March","Polished, Private & Perfectly Modern!

Tucked away for total peace of mind, this charming two-bedroom gem is the perfect urban hideaway. It beautifully pairs intimate, cozy living spaces with the convenience of modern living.

Key features include:
- Two well sized bedrooms
- Modern kitchen and bathroom
- Generous backyard space
- Patio for social gatherings
- Internal garage and laundry
- Fully fenced

Contact us today to arrange a viewing – this one won’t last long!

Move In Costs:
First Week's Rent = $600
Bond = $2,400
Total = $3,000

No smoking inside.

Read more",Braydon Taiapa : 027278 6687
https://www.barfoot.co.nz/property/rental/waitakere-city/henderson/unit/39001759,"1/12A Keeling Road, Henderson","$520 per week, available now","2 Bedroom Unit with Courtyard

ATTENTION: PLEASE DO NOT COMPLETE AN APPLICATION FORM UNLESS YOU HAVE PHYSICALLY VIEWED THE PROPERTY WITH ONE OF OUR AGENTS. Please see below for booking details.

Keeling Rd calling,

Well looked after unit in a central location.

Open plan Kitchen and living area,
Two Double bedrooms,
Separate laundry,
Carport

A lovely home tucked away, just off Keeling Road, down a landscaped driveway you need to be quick to secure this home!

Inviting home features lounge, dining and kitchen all open plan.

With Henderson Mall only approximately 10 minutes away offering supermarkets and all shops and eateries needed makes this a prime location. Walking distance to Henderson High School and Buses pass Henderson Valley Rd for quick transport access.

Available Date – NOW
Suitable for a maximum of 3 tenants.
No smokers allowed.

$520.00 per week.

MOVE IN COSTS:
- 4 x weeks bond = $2080.00
- 2 x week rent in advance = $1040.00
TOTAL: $3120.00

Please copy and paste this link to book a viewing:
https://book.inspectrealestate.co.nz/RegisterNewNZ?agentID=BT-39&uniqueID=39001759

PLEASE NOTE: If there are no viewings available then please register your details so we can keep you up-to-date with new viewing times and property information. Viewings may be cancelled if there are no attendees registered or confirmed.

- Please copy and paste this link to complete the online tenancy application.
https://www.2apply.co.nz/login?ReturnUrl=%2FForm%3FagentId%3DBT-39%26uniqueId%3D39001759

- Please upload photo ID, proof of income, and a copy of your visa (if required).

EVERYONE over the age of 18 who wants to live at the property, needs their own application form and supporting documents and NEEDS to view the property in person.

IMPORTANT NOTICE: Beware of scams!
Barfoot and Thompson do not ask for money upfront until you have seen the property inside and out with a staff member who will be wearing I.D and travels in a sign-written vehicle. They will then provide a full tenancy agreement to be signed IN OUR OFFICE prior to money collection. If unsure, please pop into our branch and see us in person. We are currently not advertising on Facebook Marketplace.

Read more",Tracey Boyle : 027298 4982
https://www.barfoot.co.nz/property/rental/waitakere-city/massey/house/42000735,"1/12 Benchmark Drive, Massey","$600 per week, available now","Close to shops, extra storage

This property is available from 7 March 2026.

Please book your preferred viewing time via link provided. https://www.barfoot.co.nz/branches/west-harbour

If no suitable times are available, ensure you register at the bottom of the listing, you will then be automatically notified of any changes, updates or future viewings.

The property offers three bedrooms, a family bathroom combined with laundry, modern kitchen and spacious living area with heat pump, plus a seperate storage room at the back.

Pets considered on request
A pet bond may be required if the landlord consents to one or more pets being kept at the property.

Conveniently located within walking distance to Royal Heights shops, and just a short drive to the motorways and NorthWest Shopping Centre.

Beware of scams:
Barfoot & Thompson will never ask for money upfront until you have viewed the property inside and out with a staff member. Our staff will always carry I.D. and travel in a sign-written vehicle. A full tenancy agreement will be provided and signed before any money is collected.
If you are unsure, please visit our branch in person. We are not currently advertising on Facebook Marketplace.

Read more",Sophie Sun : 0273032 789
https://www.barfoot.co.nz/property/rental/waitakere-city/new-lynn/apartment/27000825,"1101/20 McCrae Way, New Lynn","$450 per week, available now","With Views and More!

Here is your perfect situation: a well equipped and beautifully presented apartment, positioned right in the heart of New Lynn. Here you will only be a quick elevator trip down to a huge range of cafe's, restaurants, LynnMall, Health New Lynn, the public library, New Lynn train station and so much more. This lock-up and leave apartment is ideal for busy professionals who just want to come home at the end of the day and relax.

Situated on the 11th floor, this apartment sits high and proud, and is ideal for those wanting low maintenance living without having to compromise on modern conveniences.

Here you will have one spacious bedroom, an open plan living area, modern kitchen with dishwasher and fridge/freezer, combined bathroom/laundry area complete with washer & dryer, and a balcony with views over New Lynn and more.

Please note: This apartment comes with whiteware and does not include car park.

Move in costs are:
4 weeks bond
First weeks rent

Read more",Ankur Mangal : 0274040 642
https://www.barfoot.co.nz/property/rental/waitakere-city/new-lynn/apartment/49000742,"1210/20 Mccrae Way, New Lynn","$590 per week, available now","Semi furnished modern apartment available in the heart of New Lynn

The Property:


2 good sized bedrooms.
1 spacious bathroom.
Large sliding doors and windows allowing natural light.
Good sized balcony with spectacular views.


Features:

Spacious open-plan living & kitchen.
Modern kitchen comes with dishwasher and with plenty of storage.
Washing machine, dryer and fridge are included with the apartment.
High security building - access is via a personal key card and the corridors on every floor have a security camera.
* Apartment includes bed side tables, shoe rack, dining table with chairs, study desk with a chair and one car park.


Location:


Train station and bus terminal are just across the road.
Walking distance to popular restaurants, cosy cafés and Les Mills Gym.
Lynn mall is literally on your doorstep.


Move in Cost:

Rent : $590.00
Bond : $2360.00
Total: $2950.00

Parking will need to be arranged with Auckland Council.

To View:

Please check out our open home schedule or register for a viewing and we will contact you.

For more details, or if you have any questions, please contact Hayley Goding h.goding@barfoot.co.nz or 027 298 5084

Landlords Barfoot & Thompson can also help you to professionally manage your rental property, contact Hayley Goding on 027 298 5084 for more details.

Beware of scams! Barfoot and Thompson do not ask for any money to paid upfront for our properties until after you have viewed by a staff member who will be wearing I.D and travel in a sign-written vehicle and completed our application form. If you are the successful applicant, we will provide you with a tenancy agreement and clear instructions on what money you are required to pay and when. If unsure, please give us a call or pop into our branch and see us in person.

Read more",Hayley Goding : 027298 5084
https://www.barfoot.co.nz/property/rental/waitakere-city/te-atatu-peninsula/house/11005909,"1/63 Taikata Road, Te Atatu Peninsula","$595 per week, available now","Stunning Standalone Townhouse in Te Atatu Peninsula

Step into style, space, and sunshine in this beautifully designed, high-quality townhouse—your new home awaits!

Why You’ll Love Living Here:
-Light-Filled & Standalone:
Enjoy all the benefits of a north-westerly aspect in this frontage, standalone unit—basking in natural light all day long.

-Modern Comforts:
Double glazing, a heat pump, and top-quality appliances ensure year-round comfort. The ultra-stylish brick facade adds head-turning street appeal.

-Spacious & Inviting:
With a generous two-level floor plan, you’ll love the open-plan kitchen, living, and dining area, seamlessly flowing out to a sun-soaked, easy-care courtyard. Perfect for entertaining or relaxing in privacy.

-Sleep Soundly:
Upstairs, discover two privately positioned bedrooms. The master suite boasts its own luxurious ensuite, while the second bedroom is served by a generous family bathroom—ideal for guests or family.

-Location Perfection:
Just a short stroll to Te Atatu Peninsula Park, local bus stops for easy city access, and a vibrant selection of shops, cafes, and restaurants. Everything you need is right at your doorstep!

-Pets Considered on Application!
We welcome your furry companions, just ask us about our pet policy.

This is the lifestyle upgrade you’ve been searching for, fresh, modern, and ready for you to call home.

Contact us today to arrange your exclusive viewing and experience the excitement of Te Atatu Peninsula living!

Total Move In Costs: $3,570.00

Important – Beware of scams:
Barfoot & Thompson will only request payment after an in-person viewing with a staff member (wearing ID and driving a sign-written vehicle). A full, branded tenancy agreement will be provided before any money is collected. If unsure, visit your local branch.

Read more",Anna Mcleod : 027535 6521
https://www.barfoot.co.nz/property/rental/waitakere-city/te-atatu-south/house/11014430,"205A Te Atatu Road, Te Atatu South","$500 per week, available now","Safe and Cosy

If you are looking for 
-One or two bedrooms, a separate lounge which can be converted into second bedroom
-Self contained with separate entry
-Large kitchen with fridge, microwave
-Furnitures in the photos are negotiable
-No worries about the ground maintenance
-Walking distance to Woolworths supermarket
-Easy access to motorway ramps to CBD and Northshore

Then don't miss the chance to make this comfort and convenience property at 205A Te Atatu Rd your future home sweet home, the property is available from 7 March 2026.

Pets considered on request
A pet bond may be required if the landlord consents to one or more pets being kept at the property.

Please book your preferred viewing time via the link provided. https://www.barfoot.co.nz/branches/west-harbour

If no suitable times are available, ensure you register at the bottom of the listing—you will then be automatically notified of any changes, updates, or future viewings.

Beware of scams! Barfoot and Thompson do not ask for money upfront until you have seen the property inside and out by a staff member who will be wearing I.D and travel in a sign-written vehicle. They will then provide a full tenancy agreement to be signed prior to money collection. If unsure, please pop into our branch and see us in person. We are currently not advertising on Facebook Marketplace  

Read more",Sophie Sun : 0273032 789
https://www.barfoot.co.nz/property/rental/waitakere-city/te-atatu-south/house/11017832,"25 Kirrie Avenue, Te Atatu South","$660 per week, available 12th March","Park at Your Doorstep

This classic bungalow with a prime position opposite the Neville Power Memorial Park? and the super market & motorway ramps to CBD and Northshore.

?It offers three decently sized bedrooms, a separate living room with a heat pump, a modern big kitchen with ample storage space, and a renovated bathroom with a separate toilet.

With a big section providing ample outdoor space and a stand-alone single garage for your vehicles?, plus additional off street parking.

The property is available on the 12 March 2026.

Pets considered on request
A pet bond may be required if the landlord consents to one or more pets being kept at the property.

Please book a preferred viewing time under the property by clicking this link https://www.barfoot.co.nz/branches/west-harbour
If there is nothing suitable, please ensure you register at the bottom of the property, you will be automatically advised of any changes, updates or future viewings.

Beware of scams! Barfoot and Thompson do not ask for money upfront until you have seen the property inside and out by a staff member who will be wearing I.D and travel in a sign-written vehicle. They will then provide a full tenancy agreement to be signed prior to money collection. If unsure, please pop into our branch and see us in person. We are currently not advertising on Facebook Marketplace

Read more",Sophie Sun : 0273032 789
https://www.barfoot.co.nz/property/rental/waitakere-city/waiatarua/house/11024365,"416 Scenic Drive, Waiatarua","$520 per week, available now","Private & Secluded Cottage Surrounded by Bush

Enjoy peace, privacy, and a tranquil natural setting in this charming cottage, tucked away and surrounded by beautiful bush.

Property Features:
- Private and secluded cottage setting
- Surrounded by native bush for a peaceful atmosphere
- Studio-style layout with open living space
- Compact kitchen including: Small fridge, Microwave
- New washer/dryer machine
- One dedicated car park space
- Power and water are included in the rent
- Fibre installed, so easy connection to the Internet (tenant to connect)


Perfect for someone seeking a quiet retreat while still enjoying the comforts of modern living.

Total Move-In Costs:
2 weeks’ rent in advance
4 weeks’ bond

*Pets under consideration, approval required.
If approved, a pet bond of 2 weeks' rent applies per pet.

Book a viwings online -


Landlords Barfoot & Thompson can also help you to manage your rental property professionally. Contact Sonia Martinez on 027 298 3083 for more details.

***************
Beware of scams! Barfoot and Thompson do not ask for any money to paid upfront for our properties until after you have viewed by a staff member who will be wearing I.D and travel in a sign-written vehicle and completed our application form. If you are the successful applicant, we will provide you with a tenancy agreement and clear instructions on what money you are required to pay and when. If unsure, please give us a call or pop into our branch and see us in person.

Read more",Sonia Martinez : 027298 3083
https://www.barfoot.co.nz/property/rental/whangarei-district/onerahi/house/43000835,"2B Robin Hood Place, Onerahi","$550 per week, available now","Tidy family home

Excellent family home in a great Onerahi location.

Three bedrooms, one bathroom and a single garage all on a fully fenced section make this property the perfect home for your family.

The single garage is not internal access but has access to the fenced back section.

*Please note the curtains are now different to what is shown in photos*

Read more",Kristal Dinnan : 027283 8574
